ID;referencia1;referencia2;referencia3;referencia4;referencia5;referencia6;referencia7;referencia8;referencia9;referencia10;referencia11;referencia12;
1;4141;4142;4140;4139;4138;4137;;;;;;;
2;4147;4148;4146;4145;4144;4143;;;;;;;
3;4156;4188;4192;;;;;;;;;;
4;4158;4159;4152;4153;4154;4155;4162;4163;;;;;
5;4160;4161;;;;;;;;;;;
6;4168;4169;4188;4190;;;;;;;;;
7;4170;4171;4164;4165;4166;4167;4174;4175;;;;;
8;4172;4173;;;;;;;;;;;
9;4180;4188;;;;;;;;;;;
10;4182;4183;4176;4177;4178;4179;4186;4187;;;;;
11;4184;4185;;;;;;;;;;;
12;4204;4205;;;;;;;;;;;
13;4206;4207;4208;4209;;;;;;;;;
14;4210;4211;4212;4213;;;;;;;;;
15;4214;4215;;;;;;;;;;;
16;4216;4217;4218;4219;;;;;;;;;
17;4220;4221;4222;4223;;;;;;;;;
18;4224;4225;;;;;;;;;;;
19;4226;4227;4228;4229;;;;;;;;;
20;4230;4231;4232;4233;;;;;;;;;
21;4236;4237;4234;4235;;;;;;;;;
22;4238;4239;4244;4245;;;;;;;;;
23;4251;4252;4253;4254;4255;4256;4257;;;;;;
24;4258;4259;4260;4261;4262;4263;4257;;;;;;
25;4272;4225;;;;;;;;;;;
26;4273;4225;;;;;;;;;;;
27;4274;4275;;;;;;;;;;;
28;4276;4277;;;;;;;;;;;
29;4278;4279;;;;;;;;;;;
30;4280;4281;;;;;;;;;;;
31;4283;4284;;;;;;;;;;;
32;4314;4315;4313;4312;4311;4310;4307;4306;4305;4304;4303;4302;
33;4316;4317;4313;4312;4311;4310;4309;4308;4305;4304;4303;4302;
34;4317;4316;;;;;;;;;;;
35;4321;4334;4330;4329;4328;4327;4326;4325;4322;4321;;;
36;4331;4332;4330;4329;4328;4327;4324;4323;4322;4321;4302;4303;
37;4333;4334;4330;4329;4328;4327;4326;4325;4322;4321;4302;4303;
38;4338;4339;4336;4337;4342;4343;4344;4345;4346;4347;4350;4351;
39;4340;4341;;;;;;;;;;;
40;4342;4343;;;;;;;;;;;
41;4348;4349;4338;4339;4336;4337;4340;4343;4341;4345;4346;4347;
42;4350;4351;4338;4339;4336;4337;4342;4343;4344;4345;4346;4347;
43;4351;4350;;;;;;;;;;;
44;4364;4362;4361;4363;4372;4373;4359;4360;;;;;
45;4383;4384;4385;4386;4387;4388;4389;4390;4391;4392;;;
46;4393;4394;4385;4386;4387;4388;4389;4390;4391;4392;;;
47;4403;4404;4385;4386;4387;4388;4389;4390;4391;4392;;;
48;4416;4417;4418;4419;4420;4421;4422;4423;4424;4425;;;
49;4426;4427;4418;4419;4420;4421;4422;4423;4424;4425;;;
50;4436;4437;4418;4419;4420;4421;4422;4423;4424;4425;;;
51;4446;4447;4448;4449;4450;4451;4452;4453;4470;4471;;;
52;4454;4394;4448;4449;4450;4451;4452;4453;4470;4471;;;
53;4462;4463;4448;4449;4450;4451;4452;4453;4470;4471;;;
54;4499;4500;;;;;;;;;;;
55;4501;4502;4497;4498;4503;4504;4505;4506;;;;;
56;4507;4508;;;;;;;;;;;
57;4514;4515;;;;;;;;;;;
58;4516;4517;4512;4513;4518;4519;4520;4521;;;;;
59;4522;4523;;;;;;;;;;;
60;4524;4525;;;;;;;;;;;
61;4526;4527;4528;4529;;;;;;;;;
62;4530;4531;;;;;;;;;;;
63;4557;4558;;;;;;;;;;;
64;4566;4567;;;;;;;;;;;
65;4566;4567;;;;;;;;;;;
66;4568;4569;4570;4571;;;;;;;;;
67;4579;4578;;;;;;;;;;;
68;4590;4591;;;;;;;;;;;
69;4592;4593;;;;;;;;;;;
70;4593;4592;;;;;;;;;;;
71;4598;4599;4600;4601;4604;4605;;;;;;;
72;4602;4603;4606;4607;;;;;;;;;
73;4608;4609;4610;4611;;;;;;;;;
74;4621;4622;;;;;;;;;;;
75;4623;4624;;;;;;;;;;;
76;4625;4626;;;;;;;;;;;
77;4627;4628;;;;;;;;;;;
78;4632;4633;;;;;;;;;;;
79;4634;4635;;;;;;;;;;;
80;4642;4643;4570;4571;;;;;;;;;
81;4644;4645;;;;;;;;;;;
82;4646;4647;;;;;;;;;;;
83;4677;4678;;;;;;;;;;;
84;4680;4681;;;;;;;;;;;
85;4683;4684;;;;;;;;;;;
86;4688;4687;4686;4685;;;;;;;;;
87;4690;4689;;;;;;;;;;;
88;4692;4691;;;;;;;;;;;
89;4696;4695;4694;4693;;;;;;;;;
90;4698;4697;;;;;;;;;;;
91;4700;4699;;;;;;;;;;;
92;4704;4703;4702;4701;;;;;;;;;
93;4706;4705;;;;;;;;;;;
94;4708;4707;;;;;;;;;;;
95;4709;4710;;;;;;;;;;;
96;4711;4712;;;;;;;;;;;
97;4713;4714;;;;;;;;;;;
98;4715;4716;;;;;;;;;;;
99;4723;4724;4727;4728;;;;;;;;;
100;4738;4741;;;;;;;;;;;
101;4744;4745;4742;4743;;;;;;;;;
102;4747;4748;;;;;;;;;;;
103;4751;4752;4749;4750;;;;;;;;;
104;4754;4755;;;;;;;;;;;
105;4758;4759;4756;4757;;;;;;;;;
106;20209;20210;;;;;;;;;;;
107;30516;30515;;;;;;;;;;;
108;30518;30517;;;;;;;;;;;
109;30520;30519;;;;;;;;;;;
110;30526;30524;;;;;;;;;;;
111;30527;30525;;;;;;;;;;;
112;30530;30528;;;;;;;;;;;
113;30531;30529;;;;;;;;;;;
114;86835;86836;;;;;;;;;;;
115;86837;86838;;;;;;;;;;;
116;86839;86840;;;;;;;;;;;
117;98245;98246;;;;;;;;;;;
118;98248;98258;;;;;;;;;;;
119;98249;98256;;;;;;;;;;;
120;98251;98255;;;;;;;;;;;
121;98253;98254;;;;;;;;;;;
122;98288;98289;;;;;;;;;;;
123;98290;98294;;;;;;;;;;;
124;98291;98296;;;;;;;;;;;
125;98292;98293;;;;;;;;;;;
126;113684;113685;;;;;;;;;;;
127;113686;113687;113688;;;;;;;;;;
128;113689;113690;;;;;;;;;;;
129;113691;113692;;;;;;;;;;;
130;113693;113694;;;;;;;;;;;
131;126833;126838;;;;;;;;;;;
132;126839;126840;;;;;;;;;;;
133;126841;126842;;;;;;;;;;;
134;157636;157637;;;;;;;;;;;
135;157639;157638;;;;;;;;;;;
136;2030370;2030371;;;;;;;;;;;
137;7701023371278;7701023371285;7701023371292;7701023371308;7701023371438;7701023371445;;;;;;;
138;7701023371353;7701023371360;7701023371377;7701023371384;7701023371438;7701023371445;;;;;;;
139;7701023371391;7701023371407;7701023371414;7701023371421;7701023371438;7701023371445;;;;;;;
140;7701023556040;7701023556057;7701023556019;7701023556026;7701023555982;7701023555982;;;;;;;
141;99999CTRATRHDRR;99999CTRATRHDRL;;;;;;;;;;;
142;0129954;0129955;;;;;;;;;;;
143;0129956;0129957;0129960;0129961;0129952;0129953;;;;;;;
144;0129958;0129959;;;;;;;;;;;
145;0129964;0129965;;;;;;;;;;;
146;0129966;129967;0129981;0129971;0129962;0129963;;;;;;;
147;0157555;157556;;;;;;;;;;;
148;0157557;157558;157561;157562;157553;157554;;;;;;;
149;0157559;157560;;;;;;;;;;;
150;0157565;157566;;;;;;;;;;;
151;0157567;157568;157571;157572;157563;157564;;;;;;;
152;0157569;157570;;;;;;;;;;;
153;0157573;157574;;;;;;;;;;;
154;0157575;157576;;;;;;;;;;;
155;0157577;0157578;;;;;;;;;;;
156;0157580;157579;;;;;;;;;;;
157;0158195;0158196;;;;;;;;;;;
158;0158197;0158198;;;;;;;;;;;
159;0158200;0158199;;;;;;;;;;;
160;0158201;0158202;;;;;;;;;;;
161;0158204;0158203;;;;;;;;;;;
162;0158205;0158206;;;;;;;;;;;
163;0158207;0158208;;;;;;;;;;;
164;0158209;0158210;;;;;;;;;;;
165;0158212;0158211;;;;;;;;;;;
166;0158213;0158214;;;;;;;;;;;
167;0158216;0158215;;;;;;;;;;;
168;0158217;0158218;;;;;;;;;;;
169;126831;126832;;;;;;;;;;;
170;126834;126837;;;;;;;;;;;
171;126835;126836;;;;;;;;;;;
172;145796;145797;;;;;;;;;;;
173;148892;148891;;;;;;;;;;;
174;148896;148895;;;;;;;;;;;
175;148898;148897;;;;;;;;;;;
176;148902;148901;;;;;;;;;;;
177;148904;148903;;;;;;;;;;;
178;148908;148907;;;;;;;;;;;
179;152491;152492;;;;;;;;;;;
180;152493;152494;;;;;;;;;;;
181;152495;152496;;;;;;;;;;;
182;1BNF171E01IN;1BNF151101IN;1BNF839301IN;1BNF839401IN;1BNF614301IN;;;;;;;;
183;1BNF173E00IN;1BNF173F00IN;;;;;;;;;;;
184;1BNF173E10IN;1BNF173F10IN;;;;;;;;;;;
185;1BNF173E20IN;1BNF173F20IN;;;;;;;;;;;
186;1BNF173E30IN;1BNF173F30IN;;;;;;;;;;;
187;1BNF173E31IN;1BNF173F31IN;;;;;;;;;;;
188;1BNF173F01IN;1BNF173E01IN;1BNF173E11IN;1BNF173F11IN;9923700070IN;;;;;;;;
189;1BNF173F40IN;1BNF173E40IN;;;;;;;;;;;
190;1BNF173F50IN;1BNF173E50IN;;;;;;;;;;;
191;1BNF173F51IN;1BNF173E50IN;;;;;;;;;;;
192;1BNF173F60IN;1BNF173E60IN;;;;;;;;;;;
193;1BNF173F70IN;1BNF173E70IN;;;;;;;;;;;
194;1BNF173F80IN;1BNF173E80IN;;;;;;;;;;;
195;1BNF173F90IN;1BNF173E90IN;;;;;;;;;;;
196;1BNF173FA0IN;1BNF173EA0IN;;;;;;;;;;;
197;1BNF173FB0IN;1BNF173EB0IN;;;;;;;;;;;
198;1BNF173FC1IN;1BNF173EC1IN;1BNF173FC0IN;1BNF173EC0IN;1BNF156900IN;;;;;;;;
199;1BNF174G00IN;1BNF174H00IN;;;;;;;;;;;
200;1BNF174G10IN;1BNF174H10IN;;;;;;;;;;;
201;1BNF174G20IN;1BNF174H20IN;;;;;;;;;;;
202;1BNF174G30IN;1BNF174H30IN;;;;;;;;;;;
203;1BNF174G31IN;1BNF174H31IN;;;;;;;;;;;
204;1BNF839210IN;1BNF839410IN;;;;;;;;;;;
205;1BNF839220IN;1BNF839120IN;;;;;;;;;;;
206;1BNF839230IN;1BNF839130IN;;;;;;;;;;;
207;1BNF839231IN;1BNF839131IN;;;;;;;;;;;
208;1BNF839240IN;1BNF839140IN;;;;;;;;;;;
209;1BNF839250IN;1BNF839150IN;;;;;;;;;;;
210;1BNF839251IN;1BNF839150IN;;;;;;;;;;;
211;1BNF839260IN;1BNF839160IN;;;;;;;;;;;
212;1BNF839270IN;1BNF839170IN;;;;;;;;;;;
213;1BNF839280IN;1BNF839180IN;1BNF8393C0IN;1BNF8394C0IN;;;;;;;;;
214;1BNF839300IN;1BNF839400IN;;;;;;;;;;;
215;1BNF839310IN;1BNF839410IN;;;;;;;;;;;
216;1BNF839320IN;1BNF839420IN;;;;;;;;;;;
217;1BNF839330IN;1BNF839430IN;;;;;;;;;;;
218;1BNF839331IN;1BNF839431IN;;;;;;;;;;;
219;1BNF839440IN;1BNF839340IN;;;;;;;;;;;
220;1BNF839450IN;1BNF839350IN;;;;;;;;;;;
221;1BNF839451IN;1BNF839351IN;;;;;;;;;;;
222;1BNF839460IN;1BNF839360IN;;;;;;;;;;;
223;1BNF839470IN;1BNF839370IN;;;;;;;;;;;
224;1BNF839480IN;1BNF839380IN;;;;;;;;;;;
225;1BNF839490IN;1BNF839390IN;;;;;;;;;;;
226;1BNF8394A0IN;1BNF8393A0IN;;;;;;;;;;;
227;1BNF8394B0IN;1BNF8393B0IN;;;;;;;;;;;
228;1BVF174H00IN;1BVF174G00IN;1BVF424500IN;1BVF424400IN;;;;;;;;;
229;1BVF174H10IN;1BVF174G10IN;1BVF424510IN;1BVF424410IN;;;;;;;;;
230;1BVF174H20IN;1BVF174G20IN;1BVF424520IN;1BVF424420IN;;;;;;;;;
231;1BVF174H40IN;1BVF174G40IN;1BVF424540IN;1BVF424440IN;;;;;;;;;
232;1BVF174H50IN;1BVF174G50IN;;;;;;;;;;;
233;1BVF174H60IN;1BVF174G60IN;;;;;;;;;;;
234;1BVF174H70IN;1BVF174G70IN;;;;;;;;;;;
235;1BVF174H80IN;1BVF174G80IN;;;;;;;;;;;
236;1BVF424501IN;1BVF424401IN  ;1BVF174G01IN;1BVF174H01IN;1BVF475701IN;1BVF151101IN  ;;;;;;;
237;1BVF4245H0IN;1BVF4244H0IN;;;;;;;;;;;
238;1BVF4245J0IN;1BVF4244J0IN;;;;;;;;;;;
239;1BVF4245K0IN;1BVF4244K0IN;;;;;;;;;;;
240;1BVF4245L0IN;1BVF4244L0IN;;;;;;;;;;;
241;1EDF137N80IN;1EDF137R80IN;1EDF173F70IN;;;;;;;;;;
242;1EDF137N90IN;1EDF137R90IN;1EDF173F80IN;;;;;;;;;;
243;1EDF137P10IN;1EDF137N10IN;;;;;;;;;;;
244;1EDF137P20IN;1EDF137N20IN;;;;;;;;;;;
245;1EDF137P70IN;1EDF137N70IN;1EDF137R70IN;1EDF137S70IN;1EDF173E60IN;1EDF173F60IN;;;;;;;
246;1EDF137P80IN;1EDF137S80IN;1EDF173E70IN;;;;;;;;;;
247;1EDF137P90IN;1EDF137S90IN;1EDF173E80IN;;;;;;;;;;
248;1EDF137S00IN;1EDF137R00IN;;;;;;;;;;;
249;1EDF137S10IN;1EDF137R10IN;;;;;;;;;;;
250;1EDF137S20IN;1EDF137R20IN;;;;;;;;;;;
251;1EDF137S40IN;1EDF137R40IN;1EDF137P40IN;1EDF137N40IN;;;;;;;;;
252;1EDF137S50IN;1EDF137R50IN;1EDF137P50IN;1EDF137N50IN;;;;;;;;;
253;1EDF173F00IN;1EDF173E00IN;1EDF137P00IN;1EDF137N00IN;1EDF839140IN;1EDF839240IN;;;;;;;
254;1EDF173F10IN;1EDF173E10IN;;;;;;;;;;;
255;1EDF173F20IN;1EDF173E20IN;;;;;;;;;;;
256;1EDF173F30IN;1EDF173E30IN;1EDF137P30IN;1EDF137N30IN;1EDF137S30IN;1EDF137R30IN;;;;;;;
257;1EDF173F40IN;1EDF173E40IN;1EDF839270IN;1EDF839170IN;;;;;;;;;
258;1EDF173F50IN;1EDF173E50IN;1EDF839280IN;1EDF839180IN;;;;;;;;;
259;1EDF83B210IN;1EDF83B110IN;1EDF83C110IN;1EDF83C210IN;;;;;;;;;
260;1EDF83B220IN;1EDF83B120IN;1EDF83C220IN;1EDF83C120IN;;;;;;;;;
261;1EPANPANDEIN;1EPANPANIZIN;1EPANFARDEIN;1EPANFARIZIN;45DANLOGDEIN;45DANLOGIZIN;;;;;;;
262;1EPF173E00IN;1EPF173F00IN;;;;;;;;;;;
263;1EPF424520IN;1EPF424620IN;1EPF839400IN;1EPF839300IN;;;;;;;;;
264;1EPF424600IN;1EPF424500IN;1EPF839400IN;1EPF839300IN;;;;;;;;;
265;1EPF424601IN;1EPF424501IN;1EPF424502IN;1EPF424602IN;1EPF425601IN;1EPF425701IN;;;;;;;
266;1EPF424610IN;1EPF424510IN;1EPF839400IN;1EPF839300IN;;;;;;;;;
267;1EPF424630IN;1EPF424530IN;1EPF839400IN;1EPF839300IN;;;;;;;;;
268;1EPF424640IN;1EPF424540IN;1EPF839410IN;1EPF839310IN;;;;;;;;;
269;1EPF424650IN;1EPF424550IN;1EPF839420IN;1EPF839320IN;;;;;;;;;
270;1EPF424670IN;1EPF424570IN;1EPF839430IN;1EPF839330IN;;;;;;;;;
271;1EPF425500IN;1EPF425400IN;1EPF425600IN;1EPF425700IN;1EPF839800IN;1EPF839900IN;;;;;;;
272;1EPF425510IN;1EPF425410IN;1EPF425610IN;1EPF425710IN;1EPF839810IN;1EPF839910IN;;;;;;;
273;1EPF425520IN;1EPF425420IN;1EPF425620IN;1EPF425720IN;1EPF839820IN;1EPF839920IN;;;;;;;
274;1EPF425530IN;1EPF425430IN;1EPF425630IN;1EPF425730IN;1EPF839830IN;1EPF839930IN;;;;;;;
275;1EPF839200IN;1EPF839100IN;1EPF174H00IN;1EPF174G00IN;;;;;;;;;
276;1EPF839210IN;1EPF839110IN;1EPF173E00IN;1EPF173F00IN;1EPF174H10IN;1EPF174G10IN;1EPF218A00IN;;;;;;
277;1EPF839230IN;1EPF839130IN;1EPF174H30IN;1EPF174G30IN;;;;;;;;;
278;1SVF173F10IN;1SVF173E10IN;;;;;;;;;;;
279;1SVF424701IN;1SVF424601IN;1SVF424801IN;1SVF424901IN;1SVF425001IN;1SVF425101IN;1SVF477V01IN;1SVF477W01IN;;;;;
280;1SVF477W00IN;1SVF477V00IN;1SVF424800IN;1SVF424900IN;;;;;;;;;
281;1SVF477W00IN (TEJIDO N150-34Y);1SVF477V00IN;1SVF424800IN;1SVF424900IN;;;;;;;;;
282;1SVF477W10IN;1SVF477V10IN;1SVF424800IN;1SVF424900IN;;;;;;;;;
283;1SVF477W10IN (TEJIDO N150-34Y);1SVF477V10IN;1SVF424800IN;1SVF424900IN;;;;;;;;;
284;1SVF477W20IN;1SVF477V20IN;1SVF424810IN;1SVF424910IN;;;;;;;;;
285;1SVF477W20IN (TEJIDO N150-34Y);1SVF477V20IN;1SVF424810IN;1SVF424910IN;;;;;;;;;
286;1SVF477W30IN;1SVF477V30IN;1SVF424820IN;1SVF424920IN;;;;;;;;;
287;1SVF477W30IN (TEJIDO N150-34Y);1SVF477V30IN;1SVF424820IN;1SVF424920IN;;;;;;;;;
288;1SVF477W40IN;1SVF477V40IN;1SVF424930IN;1SVF424830IN;;;;;;;;;
289;1SVF477W50IN;1SVF477V50IN;1SVF424940IN;1SVF424840IN;;;;;;;;;
290;1SVF477W60IN;1SVF477V60IN;1SVF424950IN;1SVF424850IN;;;;;;;;;
291;1SVF477W70IN;1SVF477V70IN;1SVF424960IN;1SVF424860IN;;;;;;;;;
292;20DF166800IN;20DF156800IN;;;;;;;;;;;
293;22PF137P00IN;22PF137N00IN;;;;;;;;;;;
294;22PF137P10IN;22PF137N10IN;;;;;;;;;;;
295;22PF137P20IN;22PF137N20IN;;;;;;;;;;;
296;22PF137P30IN;22PF137N30IN;;;;;;;;;;;
297;22PF137P41IN;22PF137N41IN;;;;;;;;;;;
298;22PF173F00IN;22PF173E00IN;;;;;;;;;;;
299;22PF173F10IN;22PF173E10IN;;;;;;;;;;;
300;22PF173F20IN;22PF173E20IN;;;;;;;;;;;
301;22PF173F30IN;22PF173E30IN;;;;;;;;;;;
302;22PF173F41IN;22PF173E30IN;;;;;;;;;;;
303;22PF424500IN;22PF424400IN;;;;;;;;;;;
304;22PF424510IN;22PF424410IN;;;;;;;;;;;
305;22PF424520IN;22PF424420IN;;;;;;;;;;;
306;22PF424530IN;22PF424430IN;;;;;;;;;;;
307;22PF424541IN;22PF424441IN;;;;;;;;;;;
308;22PF477W00IN;22PF477V00IN;;;;;;;;;;;
309;22PF477W10IN;22PF477V10IN;;;;;;;;;;;
310;22PF477W20IN;22PF477V20IN;;;;;;;;;;;
311;22PF477W30IN;22PF477V30IN;;;;;;;;;;;
312;22PF477W41IN;22PF477V41IN;;;;;;;;;;;
313;22PF477Y00IN;22PF477X00IN;;;;;;;;;;;
314;22PF477Y10IN;22PF477X10IN;;;;;;;;;;;
315;22PF477Y20IN;22PF477X20IN;;;;;;;;;;;
316;22PF477Y30IN;22PF477X30IN;;;;;;;;;;;
317;22PF477Y41IN;22PF477X41IN;;;;;;;;;;;
318;22PF839200IN;22PF839100IN;;;;;;;;;;;
319;22PF839200IN;22PF839100IN;;;;;;;;;;;
320;22PF839210IN;22PF839110IN;;;;;;;;;;;
321;22PF839220IN;22PF839120IN;;;;;;;;;;;
322;22PF839230IN;22PF839130IN;;;;;;;;;;;
323;22PF839241IN;22PF839141IN;;;;;;;;;;;
324;2BNF179J01IN;2BNF179K01IN;2BNF83B501IN;2BNF83B601IN;;;;;;;;;
325;2BNF179J02IN;2BNF179K02IN;2BNF83B502IN;2BNF83B602IN;;;;;;;;;
326;2BNF179KFBIN;2BNF179JFBIN;;;;;;;;;;;
327;2CDF424501IN;2CDF424401IN;2CDF425501IN;2CDF425601IN;2CDF173E01IN;;;;;;;;
328;2DUF173F00IN;2DUF173E00IN;2DUF178500IN;2DUF178600IN;2DUF832B00IN;2DUF832C00IN;2DUF832K00IN;2DUF832L00IN;;;;;
329;2DUF173F10IN;2DUF173E10IN;2DUF178510IN;2DUF178610IN;2DUF832B10IN;2DUF832C10IN;2DUF832K10IN;2DUF832L10IN;;;;;
330;2DUF173F20IN;2DUF173E20IN;2DUF178520IN;2DUF178620IN;2DUF832B20IN;2DUF832C20IN;2DUF832K20IN;2DUF832L20IN;;;;;
331;2P6F173F00IN;2P6F173L00IN;;;;;;;;;;;
332;2P6F173F10IN;2P6F173L10IN;;;;;;;;;;;
333;2P6F173F20IN;2P6F173L20IN;;;;;;;;;;;
334;3B2F173F30IN;3B2F173E30IN;3B2F423130IN;3B2F425130IN;3B2F425230IN;3B2F423230IN;3B2F425330IN;3B2F423330IN;3B2F424430IN;3B2F424530IN;;;
335;3B2F173F40IN;3B2F173E40IN;3B2F423150IN;3B2F425150IN;3B2F423250IN;3B2F425250IN;3B2F423350IN;3B2F425350IN;3B2F424550IN;3B2F424450IN;;;
336;3B2F173F61IN;3B2F173E61IN;;;;;;;;;;;
337;3B2F173F71IN;3B2F173E71IN;;;;;;;;;;;
338;3B2F173F81IN;3B2F173E81IN;;;;;;;;;;;
339;3B2F174L00IN;3B2F173L00IN;3B2F423140IN;3B2F425140IN;3B2F423240IN;3B2F425240IN;3B2F423340IN;3B2F425340IN;3B2F423440IN;3B2F425440IN;3B2F424440IN;3B2F424540IN;
340;3B2F423500IN;3B2F175C01IN;;;;;;;;;;;
341;3B2F423600iN;3B2F423500inIN;;;;;;;;;;;
342;3B2F424530IN;3B2F173E30IN;3B2F423130IN;3B2F425130IN;3B2F425230IN;3B2F423230IN;3B2F425330IN;3B2F423330IN;3B2F424430IN;;;3B2F173F30IN;
343;3B2F424540IN;3B2F173L00IN;3B2F423140IN;3B2F425140IN;3B2F423240IN;3B2F425240IN;3B2F423340IN;3B2F425340IN;3B2F423440IN;3B2F425440IN;3B2F424440IN;3B2F174L00IN;
344;3B2F424550IN;3B2F424450IN;3B2F173F40IN;3B2F173E40IN;3B2F423150IN;3B2F425150IN;3B2F423250IN;3B2F425250IN;3B2F423350IN;3B2F425350IN;;;
345;3B2F424561IN;3B2F424461IN;;;;;;;;;;;
346;3B2F424571IN;3B2F424471IN;;;;;;;;;;;
347;3B2F424581IN;3B2F424481IN;;;;;;;;;;;
348;3B2F425061IN;3B2F423061IN;;;;;;;;;;;
349;3B2F425071IN;3B2F423071IN;;;;;;;;;;;
350;3B2F425081IN;3B2F423081IN;;;;;;;;;;;
351;3B2F839261IN;3B2F839161IN;;;;;;;;;;;
352;3B2F839271IN;3B2F839171IN;;;;;;;;;;;
353;3B2F839281IN;3B2F839181IN;;;;;;;;;;;
354;3TKF173F70IN;5GPF173E70IN;;;;;;;;;;;
355;3TKF173F80IN;3TKF173E80IN;;;;;;;;;;;
356;3TKF173FA000;5GPF173E70IN;;;;;;;;;;;
357;4371;4369;4368;4370;4372;4373;4359;4360;;;;;
358;4383 (TANQUE);4384;;;;;;;;;;;
359;4393 (TANQUE);4394;;;;;;;;;;;
360;4403 (TANQUE);4404;;;;;;;;;;;
361;4416 (PRINCIPAL);4417;4418;4419;4420;4421;4422;4423;4424;4425;;;
362;4426 (TANQUE);4427;;;;;;;;;;;
363;4539;4540;4537;4538;4541;4542;4543;4544;;;;;
364;4545;4546;;;;;;;;;;;
365;4549;4550;4547;4548;4551;4552;4553;4554;;;;;
366;4555;4556;;;;;;;;;;;
367;4559;4560;4561;4562;4547;4548;;;;;;;
368;4563;4564;;;;;;;;;;;
369;4572;4573;;;;;;;;;;;
370;4573;4572;;;;;;;;;;;
371;4574;4575;;;;;;;;;;;
372;4575;4574;;;;;;;;;;;
373;4576;4577;;;;;;;;;;;
374;4576;4576;;;;;;;;;;;
375;4578;4579;;;;;;;;;;;
376;4580;4581;;;;;;;;;;;
377;4581;4580;;;;;;;;;;;
378;4582;4583;;;;;;;;;;;
379;4583;4582;;;;;;;;;;;
380;4584;4585;;;;;;;;;;;
381;4585;4584;;;;;;;;;;;
382;4586;4587;;;;;;;;;;;
383;4587;4586;;;;;;;;;;;
384;4588;4589;;;;;;;;;;;
385;4589;4588;;;;;;;;;;;
386;4591;4590;;;;;;;;;;;
387;4595;4596;;;;;;;;;;;
388;4596;4595;;;;;;;;;;;
389;45DANTADDEIN;45DANTADIZIN;45DANYAMGFIN;45DANTATDEIN;45DANTATIZIN;45DANTALDEIN;45DANTALIZIN;45DANTACOLIN;;;;;
390;45DANTSUDEIN;45DANTSUIZIN;;;;;;;;;;;
391;45DF173200IN;45DF173500IN;;;;;;;;;;;
392;45DF173F00IN;45DF173E00IN;;;;;;;;;;;
393;45DF173F10IN;45DF173E10IN;;;;;;;;;;;
394;45DF173F20IN;45DF173E20IN;;;;;;;;;;;
395;45DF173F30IN;45DF173E30IN;;;;;;;;;;;
396;45DF173M00IN;45DF173N00IN;;;;;;;;;;;
397;45DF178900IN;45DF178800IN;;;;;;;;;;;
398;45DF178910IN;45DF178810IN;;;;;;;;;;;
399;45DF424640IN;45DF424540IN;;;;;;;;;;;
400;45DF424660IN;45DF424560IN;;;;;;;;;;;
401;45DF424670IN;45DF424570IN;;;;;;;;;;;
402;45DF424702IN;45DF424701IN;45DF174J01IN;45DF424801IN;45DF424802IN;;;;;;;;
403;45DF424800IN;45DF424700IN;;;;;;;;;;;
404;45DF424810IN;45DF424710IN;;;;;;;;;;;
405;45DF425600IN;45DF425500IN; 45DF174K00IN  ;45DF174J00IN;;;;;;;;;
406;45DF425610IN;45DF425510IN ;45DF174K10IN  ;45DF174J10IN  ;;;;;;;;;
407;45DF425800IN;45DF425700IN;45DF424B00IN;45DF424A00IN;;;;;;;;;
408;45DF425810IN;45DF425710IN;45DF424B10IN;45DF424A10IN;;;;;;;;;
409;57CF157900IN;57CF156900IN;57CF839200IN;57CF839100IN;;;;;;;;;
410;57CF157910IN;57CF156910IN;57CF839210IN;57CF839110IN;;;;;;;;;
411;57CF173F00IN;57CF173E00IN;;;;;;;;;;;
412;57CF173F01IN;57CF173E01IN;57CF424701IN;57CF424801IN;57CF475601IN;;;;;;;;
413;57CF173F10IN;57CF173E10IN;;;;;;;;;;;
414;57CF173F20IN;57CF173E20IN;;;;;;;;;;;
415;57CF173F30IN;57CF173E30IN;57CF477V30IN;57CF477W30IN;;;;;;;;;
416;57CF173F40IN;57CF173E40IN;57CF477V40IN;57CF477W40IN;;;;;;;;;
417;57CF173F50IN;57CF173E50IN;57CF477V50IN;57CF477W50IN;;;;;;;;;
418;57CF424500IN;57CF424400IN;57CF424700IN;57CF424800IN;57CF178800IN;;;;;;;;
419;57CF424510IN;57CF424410IN;57CF424710IN;57CF424810IN;57CF178810IN;;;;;;;;
420;57CF424520IN;57CF424420IN;;;;;;;;;;;
421;57CF424601IN;57CF424501IN;57CF151101IN;57CF477V01IN;57CF477W01IN;;;;;;;;
422;57CF424630IN;57CF424530IN;;;;;;;;;;;
423;57CF424640IN;57CF424540IN;;;;;;;;;;;
424;57CF424650IN;57CF424550IN;;;;;;;;;;;
425;57CF424720IN;57CF424820IN;;;;;;;;;;;
426;57CF424830IN;57CF424730IN;;;;;;;;;;;
427;57CF424840IN;57CF424740IN;;;;;;;;;;;
428;57CF424850IN;57CF424750IN;;;;;;;;;;;
429;57CF477W00IN;57CF477V00IN;57CF477Y00IN;57CF477X00IN;;;;;;;;;
430;57CF477W10IN;57CF477V10IN;57CF477Y10IN;57CF477X10IN;;;;;;;;;
431;57CF477W20IN;57CF477V20IN;;;;;;;;;;;
432;57CF839220IN;57CF839120IN;;;;;;;;;;;
433;57CF83A200IN;57CF83A100IN;;;;;;;;;;;
434;57CF83A210IN;57CF83A110IN;;;;;;;;;;;
435;57CF83A220IN;57CF83A120IN;;;;;;;;;;;
436;57CF83A230IN;57CF83A130IN;57CF83A330IN;57CF83A430IN;;;;;;;;;
437;57CF83A240IN;57CF83A140IN;57CF83A340IN;57CF83A440IN;;;;;;;;;
438;57CF83A250IN;57CF83A150IN;57CF83A350IN;57CF83A450IN;;;;;;;;;
439;58PBWSTALDIN;58PBWSTALIIN;;;;;;;;;;;
440;58PF174H20IN;58PF174G20IN;;;;;;;;;;;
441;58PF178300IN;58PF178200IN;;;;;;;;;;;
442;58PF178500IN;58PF178400IN;;;;;;;;;;;
443;58PF178503IN;58PF178403IN;58PF339E01IN;;;;;;;;;;
444;58PF178510IN;58PF178410IN;;;;;;;;;;;
445;58PF178520IN;58PF178420IN;;;;;;;;;;;
446;58PF178530IN;58PF178430IN;;;;;;;;;;;
447;58PF178700IN;58PF178600IN;;;;;;;;;;;
448;58PF178701IN;58PF153E01IN;58PF178502IN;58PF178501IN;58PF178402IN;58PF178401IN;58PF178601IN;;;;;;
449;58PF178702IN;58PF178602IN;58PF156901IN;58PF350001IN;;;;;;;;;
450;58PF178710IN;58PF178610IN;;;;;;;;;;;
451;58PF178720IN;58PF178620IN;;;;;;;;;;;
452;58PF178730IN;58PF178630IN;;;;;;;;;;;
453;58PF178740IN;58PF178640IN;;;;;;;;;;;
454;58PF178750IN;58PF178650IN;;;;;;;;;;;
455;58PF178900IN;58PF178800IN  ;;;;;;;;;;;
456;58PF178910IN  ;58PF178810IN;;;;;;;;;;;
457;58PF178920IN  ;58PF178820IN;;;;;;;;;;;
458;5C9F173F80IN;5C9F173E80IN;;;;;;;;;;;
459;5C9F173F90IN;5C9F173E90IN;;;;;;;;;;;
460;5C9F173FA0IN;5C9F173EA0IN;;;;;;;;;;;
461;5C9F424050IN;5C9F424150IN;;;;;;;;;;;
462;5C9F424060IN;5C9F424160IN;;;;;;;;;;;
463;5C9F424070IN;5C9F424170IN;;;;;;;;;;;
464;5C9F477N50IN;5C9F477M50IN;;;;;;;;;;;
465;5C9F477N60IN;5C9F477M60IN;;;;;;;;;;;
466;5C9F477N70IN;5C9F477M70IN;;;;;;;;;;;
467;5JVF174H8000;5JVF174G8000;;;;;;;;;;;
468;5JVF174H9000;5JVF174G9000;;;;;;;;;;;
469;5JVF174HA000;5JVF174GA000;;;;;;;;;;;
470;5JVF177V9000;5JVF477V9000;;;;;;;;;;;
471;5JVF477W8000;5JVF477V8000;;;;;;;;;;;
472;5JVF477WA000;5JVF477VA000;;;;;;;;;;;
473;6- AC025- 00016;6- AC025- 00017;;;;;;;;;;;
474;6- AC025- 00025;6- AC025- 00026;;;;;;;;;;;
475;68110C34G20HAZR;68110C34G20HAZL;;;;;;;;;;;
476;68110C34G20HNGR;68110C34G20HNGL;;;;;;;;;;;
477;68110C34G20HROR;68110C34G20HROL;;;;;;;;;;;
478;68110C38380HAZR;68110C38380HAZL;;;;;;;;;;;
479;68110C38380HNGR;68110C38380HNGL;;;;;;;;;;;
480;68110C38380HROR;68110C38380HROL;;;;;;;;;;;
481;68110C45F10HAZR;68110C45F10HAZL;68130C45F10HAZR;68130C45F10HAZL;;;;;;;;;
482;68110C45F10HNGR;68110C45F10HNGL;68130C45F10HNGR;68110C45F10HNGR;;;;;;;;;
483;68110C45F10HROR;68110C45F10HROL;68130C45F10HROR;68130C45F10HROL;;;;;;;;;
484;68130C09G40HAZR;68130C09G40HAZL;;;;;;;;;;;
485;68130C09G40HNGR;68130C09G40HAZL;;;;;;;;;;;
486;68130C09G40HROR;68130C09G40HROL;;;;;;;;;;;
487;68130C20G50HAZR;68130C20G50HAZL;;;;;;;;;;;
488;68130C20G50HNGR;68130C20G50HNGL;;;;;;;;;;;
489;68130C20G50HROR;68130C20G50HROL;;;;;;;;;;;
490;68130C20G60H00L;68130C20G60H00R;;;;;;;;;;;
491;68130C20G60H00R;68130C20G60H00L;;;;;;;;;;;
492;68130C20G60HNGL;68130C20G60HNGR;;;;;;;;;;;
493;68130C20G60HNGR;68130C20G60HNGL;;;;;;;;;;;
494;68130C20G70HBLR;68130C20G70HBLH;;;;;;;;;;;
495;68130C20G70HNGR;68130C20G70HNGL;;;;;;;;;;;
496;68130C20G70HRAR;68130C20G70HRAL;;;;;;;;;;;
497;68130C34G30HBLR;68130C34G30HBLL;;;;;;;;;;;
498;68130C36H10H00R;68131C36H10H000;;;;;;;;;;;
499;68130C45F10HAZR;68130C45F10HAZL;;;;;;;;;;;
500;68130C45F10HROR;68130C45F10HROL;;;;;;;;;;;
501;68131C01DB0H000;68130C01DA0H000;;;;;;;;;;;
502;68131C45F10HAZR;68131C45F10HAZL;;;;;;;;;;;
503;68131C45F10HNGR;68131C45F10HNGL;;;;;;;;;;;
504;68131C45F10HROR;68131C45F10HROL;;;;;;;;;;;
505;68131C45F20HBLR;68131C45F20HBLL;68130C45F20HBLR;68130C45F20HBLL;;;;;;;;;
506;68131C45F20HNGR ;68131C45F20HNNL;68130C45F20HNNR;68130C45F20HNNL;;;;;;;;;
507;68132C45F30HAZR;68132C45F30HAZL;68130C45F30HAZR;68130C45F30HAZL;;;;;;;;;
508;68132C45F30HNNR;68132C45F30HNNL;68130C45F30HNNR;68130C45F30HNNL;;;;;;;;;
509;68140C09G40HAZR;68140C20G50HAZL;;;;;;;;;;;
510;68140C09G40HNGR;68140C09G40HNGL;;;;;;;;;;;
511;68140C09G40HROR;68140C09G40HROL;;;;;;;;;;;
512;68140C20G50HAZR;68140C20G50HAZL;;;;;;;;;;;
513;68140C20G50HNGR;68140C20G50HNGL;;;;;;;;;;;
514;68140C20G50HROR;68140C20G50HROL;;;;;;;;;;;
515;68140C20G70HNBR;68140C20G70HNBL;;;;;;;;;;;
516;68140C20G70HRAR;68140C20G70HRAL;;;;;;;;;;;
517;68141C20G60H00L;68141C20G60H00R;;;;;;;;;;;
518;68141C20G60H00R;68141C20G60H00L;68140C20G60H00R;68140C20G60H00L;;;;;;;;;
519;68141C20G60HNGR;68141C20G60HNGL;68140C20G60HNGR;68140C20G60HNGL;;;;;;;;;
520;68160C34G30H00R;68160C34G30H00L;;;;;;;;;;;
521;68160C34G30HBLR;68160C34G30HBLL;;;;;;;;;;;
522;7701023319447;7701023319461;7701023319430;7701023319454;;;;;;;;;
523;7701023319478;7701023319475;;;;;;;;;;;
524;7701023319492;7701023319508;;;;;;;;;;;
525;7701023332613;7701023332620;7701023332637;7701023332644;;;;;;;;;
526;7701023332675;7701023332682;7701023332651;7701023332668;7701023332699;7701023332705;;;;;;;
527;7701023518307;7701023518314;7701023518321;7701023518338;;;;;;;;;
528;7701023518352;7701023518369;7701023518376;7701023518383;;;;;;;;;
529;7701023518413;7701023518420;7701023518390;7701023518406;7701023518437;7701023518444;;;;;;;
530;7701023518611;7701023518628;;;;;;;;;;;
531;7701023535854;7701023535861;7701023535878;7701023535885;;;;;;;;;
532;7701023535915;7701023535922;7701023535892;77010235355908;7701023535939;7701023535946;;;;;;;
533;7701023555708;7701023555715;7701023555692;7701023555685;;;;;;;;;
534;7701023555722;7701023555739;;;;;;;;;;;
535;7701023555746;7701023555753;;;;;;;;;;;
536;7701023555760;7701023555777;;;;;;;;;;;
537;7701023555784;7701023555791;;;;;;;;;;;
538;7701023555807;7701023555814;;;;;;;;;;;
539;7701023555845;7701023555869;7701023555838;7701023555852;;;;;;;;;
540;7701023555876;7701023555883;;;;;;;;;;;
541;7701023555890;7701023555906;;;;;;;;;;;
542;7701023555913;7701023555920;;;;;;;;;;;
543;7701023555999;7701023556002;7701023555944;7701023555951;7701023555982;7701023555982;;;;;;;
544;CAESPCPOLICHOR;CAESPCPOLICHOL;;;;;;;;;;;
545;COLAS R15 ROSSI DER;COLAS R15 ROSSI IZQ;;;;;;;;;;;
546;GMSUP1DERIN;GMSUP1IZQIN;GMSUP2DERIN;GMSUP2IZQIN;;;;;;;;;
547;GRAEMBR15DIN;GRAEMBR15IIN;;;;;;;;;;;
;;;;;;;;;;;;;
